{"cameraMode":{"drawMode":0,"name":"Shaded","section":"Shading Mode"},"sceneLighting":true,"audioPlay":false,"sceneViewState":{"showFog":true,"showMaterialUpdate":false,"showSkybox":true,"showFlares":true,"showImageEffects":true,"showParticleSystems":true},"in2DMode":false,"pivot":{"x":322.2063903808594,"y":116.13592529296875,"z":130.39663696289063},"rotation":{"x":-0.008998868055641652,"y":-0.014998833648860455,"z":-0.00013499316992238164,"w":0.9998471140861511},"size":417.1284484863281,"orthographic":false}